recipient_condensed,year,aid
Afghanistan,2000,1160241
Afghanistan,2001,10788366
Afghanistan,2002,NA
Afghanistan,2003,NA
Afghanistan,2004,42040200
Afghanistan,2006,1839411
Afghanistan,2007,19556249
Afghanistan,2008,NA
Afghanistan,2009,NA
Afghanistan,2010,20437594
Afghanistan,2011,NA
Afghanistan,2012,NA
Afghanistan,2013,NA
Afghanistan,2014,NA
"Africa, regional",2000,NA
"Africa, regional",2001,NA
"Africa, regional",2002,NA
"Africa, regional",2003,NA
"Africa, regional",2004,NA
"Africa, regional",2005,12177589
"Africa, regional",2006,NA
"Africa, regional",2007,NA
"Africa, regional",2008,NA
"Africa, regional",2009,NA
"Africa, regional",2010,NA
"Africa, regional",2011,NA
"Africa, regional",2012,NA
"Africa, regional",2013,NA
"Africa, regional",2014,NA
Albania,2001,286459810
Albania,2004,2472953
Albania,2005,27105
Albania,2007,2001864
Albania,2008,NA
Albania,2009,NA
Albania,2010,NA
Albania,2011,NA
Albania,2012,NA
Albania,2013,NA
Albania,2014,NA
Algeria,2002,NA
Algeria,2003,NA
Algeria,2008,NA
Algeria,2010,55730345
Algeria,2011,NA
Angola,2000,NA
Angola,2001,NA
Angola,2002,NA
Angola,2003,24236231
Angola,2004,NA
Angola,2005,NA
Angola,2006,NA
Angola,2007,NA
Angola,2008,724114837
Angola,2010,628849044
Angola,2011,NA
Angola,2012,NA
Angola,2013,NA
Angola,2014,NA
Antigua & Barbuda,2007,89514254
Antigua & Barbuda,2010,1304279
Antigua & Barbuda,2011,49949430
Antigua & Barbuda,2012,1073744
Antigua & Barbuda,2013,4923142
Argentina,2006,209692853
Argentina,2011,1664980989
Argentina,2012,276408249
Argentina,2013,86392059
Argentina,2014,2400000000
Armenia,2003,1432141
Armenia,2005,2396938
Armenia,2006,1730192
Armenia,2009,2979833
Armenia,2012,11744070
Armenia,2014,9766525
"Asia, regional",2007,NA
Australia,2013,NA
Azerbaijan,2004,1236476
Azerbaijan,2005,3595408
Azerbaijan,2010,3647324
Azerbaijan,2013,4923142
Bahamas,2009,9906821
Bahamas,2010,73701108
Bahamas,2011,2753112664
Bahamas,2012,41831899
Bahamas,2013,NA
Bahrain,2011,NA
Bahrain,2012,NA
Bahrain,2014,NA
Bangladesh,2000,704566202
Bangladesh,2001,427643574
Bangladesh,2002,NA
Bangladesh,2004,1948970
Bangladesh,2006,NA
Bangladesh,2007,NA
Bangladesh,2008,NA
Bangladesh,2009,NA
Bangladesh,2010,NA
Bangladesh,2011,104677679
Bangladesh,2012,NA
Bangladesh,2013,NA
Bangladesh,2014,NA
Barbados,2000,2204457
Barbados,2006,NA
Barbados,2011,1875879
Barbados,2014,32555
Belarus,2001,2728189
Belarus,2002,2730685
Belarus,2003,4050010
Belarus,2006,NA
Belarus,2007,89085535
Belarus,2008,265385614
Belarus,2009,NA
Belarus,2010,NA
Belarus,2011,389605552
Belarus,2012,1008837156
Belarus,2013,3507216619
Belarus,2014,52700000
Benin,2000,21443105
Benin,2002,NA
Benin,2004,NA
Benin,2005,NA
Benin,2006,NA
Benin,2007,6418107
Benin,2008,NA
Benin,2009,NA
Benin,2010,NA
Benin,2013,NA
Benin,2014,840000
Bolivia,2003,66099
Bolivia,2005,58923815
Bolivia,2006,2207293
Bolivia,2007,NA
Bolivia,2008,NA
Bolivia,2009,NA
Bolivia,2010,NA
Bolivia,2011,NA
Bolivia,2012,241777789
Bolivia,2013,17703770
Bolivia,2014,846250000
Bosnia-Herzegovina,2001,3578474
Bosnia-Herzegovina,2003,4979444
Bosnia-Herzegovina,2011,540060787
Bosnia-Herzegovina,2014,886258139
Botswana,2000,NA
Botswana,2003,53238709
Botswana,2004,103129759
Botswana,2005,NA
Botswana,2006,17554126
Botswana,2007,NA
Botswana,2008,NA
Botswana,2009,NA
Botswana,2010,NA
Botswana,2011,NA
Botswana,2012,NA
Botswana,2014,NA
Brazil,2005,197394782
Brazil,2006,NA
Brazil,2007,940379314
Brazil,2008,NA
Brazil,2009,407129636
Brazil,2010,NA
Brazil,2011,NA
Brazil,2012,NA
Brazil,2013,NA
Brunei,2004,NA
Brunei,2005,NA
Brunei,2007,NA
Brunei,2008,NA
Brunei,2010,NA
Brunei,2011,NA
Brunei,2012,NA
Brunei,2013,NA
Bulgaria,2000,47801918
Bulgaria,2001,46947580
Bulgaria,2005,NA
Bulgaria,2011,16650
Bulgaria,2012,NA
Burundi,2000,NA
Burundi,2001,103949848
Burundi,2002,NA
Burundi,2003,7985806
Burundi,2004,NA
Burundi,2005,NA
Burundi,2006,NA
Burundi,2007,85624374
Burundi,2008,NA
Burundi,2009,NA
Burundi,2010,NA
Burundi,2011,NA
Burundi,2012,NA
Burundi,2013,NA
Burundi,2014,NA
Cambodia,2000,NA
Cambodia,2001,NA
Cambodia,2002,478220849
Cambodia,2003,NA
Cambodia,2004,NA
Cambodia,2005,NA
Cambodia,2006,NA
Cambodia,2007,NA
Cambodia,2008,NA
Cambodia,2009,NA
Cambodia,2010,NA
Cambodia,2011,NA
Cambodia,2012,NA
Cambodia,2013,NA
Cambodia,2014,NA
Cameroon,2000,NA
Cameroon,2001,55758702
Cameroon,2002,NA
Cameroon,2003,NA
Cameroon,2004,NA
Cameroon,2005,NA
Cameroon,2006,NA
Cameroon,2007,NA
Cameroon,2008,NA
Cameroon,2009,1393345103
Cameroon,2010,NA
Cameroon,2011,NA
Cameroon,2012,NA
Cameroon,2013,NA
Cameroon,2014,NA
Cape Verde,2000,NA
Cape Verde,2001,NA
Cape Verde,2002,NA
Cape Verde,2003,NA
Cape Verde,2004,NA
Cape Verde,2005,40599012
Cape Verde,2006,NA
Cape Verde,2007,NA
Cape Verde,2008,NA
Cape Verde,2010,NA
Cape Verde,2012,NA
Cape Verde,2014,NA
"Caribbean, regional",2011,NA
Central African Rep.,2000,NA
Central African Rep.,2002,NA
Central African Rep.,2003,NA
Central African Rep.,2004,NA
Central African Rep.,2005,132539308
Central African Rep.,2006,NA
Central African Rep.,2007,25542752
Central African Rep.,2008,NA
Central African Rep.,2009,NA
Central African Rep.,2010,NA
Central African Rep.,2011,43518203
Chad,2007,NA
Chad,2008,NA
Chad,2009,NA
Chad,2010,NA
Chad,2011,NA
Chad,2012,NA
Chad,2013,NA
Chile,2009,271419758
Chile,2010,3773094
Chile,2011,166498099
Chile,2012,953131891
Chile,2014,NA
Colombia,2005,NA
Colombia,2006,NA
Colombia,2007,NA
Colombia,2008,103832156
Colombia,2009,5634355
Colombia,2010,NA
Colombia,2011,NA
Colombia,2012,NA
Colombia,2013,NA
Colombia,2014,NA
Comoros,2001,5493468
Comoros,2002,90798
Comoros,2003,NA
Comoros,2004,19001217
Comoros,2005,NA
Comoros,2006,NA
Comoros,2007,5869232
Comoros,2008,NA
Comoros,2009,NA
Comoros,2010,NA
Comoros,2012,NA
Comoros,2013,NA
Comoros,2014,NA
"Congo, Dem. Rep.",2000,NA
"Congo, Dem. Rep.",2001,30213519
"Congo, Dem. Rep.",2003,1597218
"Congo, Dem. Rep.",2004,14938949
"Congo, Dem. Rep.",2005,3240810
"Congo, Dem. Rep.",2006,NA
"Congo, Dem. Rep.",2008,NA
"Congo, Dem. Rep.",2009,NA
"Congo, Dem. Rep.",2010,NA
"Congo, Dem. Rep.",2011,408184727
"Congo, Dem. Rep.",2012,NA
"Congo, Dem. Rep.",2013,NA
"Congo, Dem. Rep.",2014,NA
"Congo, Rep.",2000,NA
"Congo, Rep.",2001,179816176
"Congo, Rep.",2003,NA
"Congo, Rep.",2004,515198528
"Congo, Rep.",2005,NA
"Congo, Rep.",2006,NA
"Congo, Rep.",2007,NA
"Congo, Rep.",2008,NA
"Congo, Rep.",2009,NA
"Congo, Rep.",2010,NA
"Congo, Rep.",2011,NA
"Congo, Rep.",2012,NA
"Congo, Rep.",2013,NA
"Congo, Rep.",2014,916130
Cook Islands,2004,12020424
Cook Islands,2006,9085268
Cook Islands,2007,15624306
Cook Islands,2009,NA
Costa Rica,2007,NA
Costa Rica,2008,NA
Costa Rica,2009,NA
Costa Rica,2010,NA
Costa Rica,2012,NA
Costa Rica,2013,NA
Cote D'Ivoire,2001,2746734
Cote D'Ivoire,2002,81920545
Cote D'Ivoire,2004,NA
Cote D'Ivoire,2006,7618024
Cote D'Ivoire,2007,NA
Cote D'Ivoire,2008,80492107
Cote D'Ivoire,2009,19865556
Cote D'Ivoire,2010,NA
Cote D'Ivoire,2011,NA
Cote D'Ivoire,2012,NA
Cote D'Ivoire,2013,889659193
Cote D'Ivoire,2014,301480000
Cuba,2008,117483396
Cuba,2011,6659923955
Cuba,2012,423614
Cyprus,2013,NA
Cyprus,2014,NA
Djibouti,2001,60337467
Djibouti,2003,1493833
Djibouti,2004,NA
Djibouti,2005,2396938
Djibouti,2006,NA
Djibouti,2007,106968
Djibouti,2008,3413900
Djibouti,2009,NA
Djibouti,2011,NA
Djibouti,2012,NA
Djibouti,2013,NA
Djibouti,2014,NA
Dominica,2004,10097891
Dominica,2005,NA
Dominica,2007,162753
Dominica,2009,54283952
Dominica,2010,46534829
Dominica,2012,NA
Dominica,2013,NA
Dominica,2014,NA
Ecuador,2003,5508234
Ecuador,2004,NA
Ecuador,2005,NA
Ecuador,2009,1660681786
Ecuador,2010,NA
Ecuador,2011,2711144044
Ecuador,2012,254168504
Ecuador,2013,NA
Ecuador,2014,1918000000
Egypt,2002,NA
Egypt,2003,NA
Egypt,2004,NA
Egypt,2005,32015273
Egypt,2006,NA
Egypt,2007,NA
Egypt,2008,NA
Egypt,2009,NA
Egypt,2011,NA
Egypt,2012,423614174
Egypt,2014,24416311
Equatorial Guinea,2001,NA
Equatorial Guinea,2002,14126101
Equatorial Guinea,2003,13043499
Equatorial Guinea,2004,NA
Equatorial Guinea,2005,NA
Equatorial Guinea,2006,NA
Equatorial Guinea,2007,NA
Equatorial Guinea,2008,NA
Equatorial Guinea,2009,NA
Equatorial Guinea,2010,NA
Equatorial Guinea,2011,NA
Equatorial Guinea,2012,NA
Equatorial Guinea,2013,NA
Equatorial Guinea,2014,NA
Eritrea,2000,23204815
Eritrea,2001,13640944
Eritrea,2002,5424423
Eritrea,2003,NA
Eritrea,2004,3734766
Eritrea,2005,42130528
Eritrea,2006,236364313
Eritrea,2007,NA
Eritrea,2008,NA
Eritrea,2009,NA
Eritrea,2010,NA
Eritrea,2011,NA
Eritrea,2013,NA
Ethiopia,2000,520156
Ethiopia,2001,NA
Ethiopia,2002,4549483
Ethiopia,2003,NA
Ethiopia,2005,NA
Ethiopia,2006,NA
Ethiopia,2007,246529356
Ethiopia,2008,NA
Ethiopia,2009,NA
Ethiopia,2010,1255100952
Ethiopia,2011,NA
Ethiopia,2012,1567264196
Ethiopia,2013,NA
Ethiopia,2014,NA
"Europe, regional",2003,154230563
Fiji,2000,17404
Fiji,2001,272819
Fiji,2004,NA
Fiji,2006,1243144
Fiji,2007,244129784
Fiji,2008,103285851
Fiji,2009,165325381
Fiji,2010,NA
Fiji,2011,NA
Fiji,2012,NA
Fiji,2013,NA
Fiji,2014,NA
Gabon,2000,6033252
Gabon,2002,16384109
Gabon,2004,NA
Gabon,2005,NA
Gabon,2007,NA
Gabon,2008,NA
Gabon,2009,NA
Gabon,2010,NA
Gabon,2011,NA
Gabon,2013,237069731
Gabon,2014,NA
Georgia,2000,NA
Georgia,2002,1773338
Georgia,2003,1330968
Georgia,2004,2489844
Georgia,2005,9900608
Georgia,2006,4598527
Georgia,2008,3998848
Georgia,2010,NA
Georgia,2013,NA
Georgia,2014,NA
Ghana,2000,68500613
Ghana,2001,67678271
Ghana,2002,NA
Ghana,2003,NA
Ghana,2004,NA
Ghana,2005,NA
Ghana,2006,NA
Ghana,2007,NA
Ghana,2008,NA
Ghana,2009,NA
Ghana,2010,NA
Ghana,2011,NA
Ghana,2012,263377356
Ghana,2013,NA
Ghana,2014,1646877
Grenada,2005,82493342
Grenada,2008,NA
Grenada,2009,NA
Grenada,2011,NA
Grenada,2013,27132252
Guinea,2000,NA
Guinea,2002,NA
Guinea,2004,NA
Guinea,2005,88385723
Guinea,2006,NA
Guinea,2007,NA
Guinea,2008,NA
Guinea,2009,NA
Guinea,2010,NA
Guinea,2011,NA
Guinea,2012,NA
Guinea,2014,NA
Guinea-Bissau,2000,13922889
Guinea-Bissau,2001,13186245
Guinea-Bissau,2002,NA
Guinea-Bissau,2003,39659288
Guinea-Bissau,2004,NA
Guinea-Bissau,2005,2198904
Guinea-Bissau,2006,NA
Guinea-Bissau,2007,74866468
Guinea-Bissau,2008,NA
Guinea-Bissau,2009,NA
Guinea-Bissau,2010,1300375
Guinea-Bissau,2011,NA
Guinea-Bissau,2012,NA
Guinea-Bissau,2013,NA
Guyana,2002,18081410
Guyana,2003,NA
Guyana,2004,NA
Guyana,2005,70708578
Guyana,2008,53722454
Guyana,2009,139059
Guyana,2010,NA
Guyana,2011,NA
Guyana,2012,156204052
Guyana,2014,NA
Haiti,2004,NA
Haiti,2007,NA
Haiti,2010,NA
India,2001,NA
India,2008,NA
India,2009,NA
India,2010,4401943308
India,2012,NA
India,2014,NA
Indonesia,2001,12958896
Indonesia,2002,226018
Indonesia,2003,912312610
Indonesia,2004,NA
Indonesia,2005,NA
Indonesia,2006,NA
Indonesia,2007,NA
Indonesia,2008,NA
Indonesia,2009,NA
Indonesia,2010,1857678
Indonesia,2011,NA
Indonesia,2012,NA
Indonesia,2013,NA
Indonesia,2014,NA
Iran,2001,1373367
Iran,2003,NA
Iran,2004,41216
Iran,2014,2142674992
Iraq,2000,NA
Iraq,2007,NA
Iraq,2009,NA
Iraq,2010,8552347
Israel,2009,NA
Israel,2012,NA
Israel,2014,NA
Jamaica,2000,28030202
Jamaica,2003,NA
Jamaica,2004,NA
Jamaica,2005,NA
Jamaica,2007,189119206
Jamaica,2009,NA
Jamaica,2010,500689609
Jamaica,2011,NA
Jamaica,2012,NA
Jamaica,2013,555371810
Jordan,2001,1818792
Jordan,2002,NA
Jordan,2003,NA
Jordan,2004,51973228
Jordan,2007,NA
Jordan,2008,3585174
Jordan,2009,20356482
Jordan,2010,6288490
Jordan,2011,3107965
Jordan,2012,NA
Jordan,2013,203351
Kazakhstan,2002,389023378
Kazakhstan,2006,369035661
Kazakhstan,2007,NA
Kazakhstan,2008,275782619
Kazakhstan,2009,NA
Kazakhstan,2010,291785956
Kazakhstan,2011,3751757161
Kazakhstan,2012,2712634583
Kenya,2000,250611998
Kenya,2001,NA
Kenya,2002,9184210
Kenya,2003,6994529
Kenya,2004,NA
Kenya,2005,NA
Kenya,2006,220532252
Kenya,2007,NA
Kenya,2008,NA
Kenya,2009,NA
Kenya,2010,NA
Kenya,2011,390422171
Kenya,2012,NA
Kenya,2013,NA
Kenya,2014,NA
"Korea, Dem. Rep.",2000,NA
"Korea, Dem. Rep.",2004,2489844
"Korea, Dem. Rep.",2005,NA
"Korea, Dem. Rep.",2007,NA
"Korea, Dem. Rep.",2009,NA
"Korea, Dem. Rep.",2011,NA
"Korea, Dem. Rep.",2012,19062638
"Korea, Dem. Rep.",2014,NA
Kuwait,2011,NA
Kuwait,2012,NA
Kuwait,2014,NA
Kyrgyz Republic,2001,16480404
Kyrgyz Republic,2002,1747638
Kyrgyz Republic,2003,NA
Kyrgyz Republic,2004,16802223
Kyrgyz Republic,2005,335866
Kyrgyz Republic,2006,162565577
Kyrgyz Republic,2008,148164212
Kyrgyz Republic,2009,271419758
Kyrgyz Republic,2010,1486143
Kyrgyz Republic,2011,337880143
Kyrgyz Republic,2012,702125392
Kyrgyz Republic,2013,1102058972
Laos,2001,313741697
Laos,2002,NA
Laos,2003,NA
Laos,2004,NA
Laos,2005,NA
Laos,2006,NA
Laos,2007,NA
Laos,2008,NA
Laos,2009,NA
Laos,2010,212834180
Laos,2011,NA
Laos,2012,NA
Laos,2013,NA
Laos,2014,NA
Lebanon,2000,1392289
Lebanon,2001,NA
Lebanon,2003,NA
Lebanon,2006,NA
Lebanon,2007,NA
Lebanon,2009,NA
Lebanon,2010,NA
Lebanon,2011,NA
Lebanon,2013,NA
Lebanon,2014,NA
Lesotho,2001,11883485
Lesotho,2002,NA
Lesotho,2003,NA
Lesotho,2005,NA
Lesotho,2006,60615093
Lesotho,2007,NA
Lesotho,2008,1378913
Lesotho,2009,NA
Lesotho,2010,NA
Lesotho,2011,NA
Lesotho,2012,NA
Lesotho,2013,NA
Lesotho,2014,NA
Liberia,2003,NA
Liberia,2004,4533747
Liberia,2005,NA
Liberia,2006,NA
Liberia,2007,NA
Liberia,2008,NA
Liberia,2009,NA
Liberia,2010,NA
Liberia,2011,NA
Liberia,2012,NA
Liberia,2013,NA
Liberia,2014,NA
Libya,2002,NA
Libya,2009,407129636
Libya,2011,3435716
Libya,2014,NA
"Macedonia, FYR",2001,2273491
"Macedonia, FYR",2002,196635331
"Macedonia, FYR",2004,5151985
"Macedonia, FYR",2010,811673
"Macedonia, FYR",2011,NA
"Macedonia, FYR",2013,NA
"Macedonia, FYR",2014,10613870
Madagascar,2001,68204717
Madagascar,2002,9040705
Madagascar,2003,7985806
Madagascar,2004,NA
Madagascar,2005,27497781
Madagascar,2006,NA
Madagascar,2007,NA
Madagascar,2008,NA
Madagascar,2009,NA
Madagascar,2010,NA
Madagascar,2011,NA
Madagascar,2012,NA
Madagascar,2013,NA
Madagascar,2014,NA
Malawi,2008,NA
Malawi,2009,NA
Malawi,2010,75461885
Malawi,2011,NA
Malawi,2012,NA
Malawi,2013,NA
Malawi,2014,NA
Malaysia,2004,40945
Malaysia,2005,392825
Malaysia,2007,1302025514
Malaysia,2014,NA
Maldives,2005,1797704
Maldives,2006,6072858
Maldives,2007,14496635
Maldives,2008,8218535
Maldives,2010,NA
Maldives,2011,NA
Maldives,2012,164836415
Maldives,2013,NA
Maldives,2014,NA
Mali,2001,114754068
Mali,2002,NA
Mali,2006,NA
Mali,2007,113683483
Mali,2008,NA
Mali,2009,NA
Mali,2010,NA
Mali,2011,NA
Mali,2012,NA
Mali,2013,NA
Mali,2014,NA
Malta,2013,NA
Mauritania,2005,280870187
Mauritania,2006,NA
Mauritania,2007,99279445
Mauritania,2008,NA
Mauritania,2009,NA
Mauritania,2010,NA
Mauritania,2011,NA
Mauritania,2012,NA
Mauritania,2013,NA
Mauritania,2014,NA
Mauritius,2000,79560704
Mauritius,2001,5493468
Mauritius,2002,32768218
Mauritius,2003,41411757
Mauritius,2004,5049684
Mauritius,2005,NA
Mauritius,2006,218649328
Mauritius,2007,102689710
Mauritius,2008,NA
Mauritius,2009,NA
Mauritius,2010,NA
Mauritius,2013,27502678
Mexico,2006,NA
Mexico,2007,NA
Mexico,2009,6785494
Mexico,2011,416245247
Mexico,2013,NA
"Micronesia, Federated States of",2002,NA
"Micronesia, Federated States of",2004,NA
"Micronesia, Federated States of",2005,NA
"Micronesia, Federated States of",2006,NA
"Micronesia, Federated States of",2007,NA
"Micronesia, Federated States of",2008,9527809
"Micronesia, Federated States of",2009,NA
"Micronesia, Federated States of",2011,NA
"Middle East, regional",2014,16000000
Moldova,2000,NA
Moldova,2001,2728189
Moldova,2003,3525270
Moldova,2005,2356953
Moldova,2007,3255064
Moldova,2009,4125580
Moldova,2010,3715356
Moldova,2012,66083811
Moldova,2013,NA
Mongolia,2000,NA
Mongolia,2001,12360303
Mongolia,2002,NA
Mongolia,2003,1330968
Mongolia,2006,1384154
Mongolia,2007,11114372
Mongolia,2008,31750906
Mongolia,2010,NA
Mongolia,2011,NA
Mongolia,2012,211807087
Mongolia,2013,NA
Mongolia,2014,NA
Montenegro,2010,59609859
Montenegro,2012,50198280
Montenegro,2014,NA
Morocco,2000,NA
Morocco,2002,2946683
Morocco,2004,NA
Morocco,2006,NA
Morocco,2008,NA
Morocco,2009,1852787
Morocco,2010,NA
Morocco,2011,NA
Morocco,2012,NA
Morocco,2013,308186094
Morocco,2014,400000000
Mozambique,2000,464096
Mozambique,2001,50357816
Mozambique,2002,NA
Mozambique,2003,NA
Mozambique,2004,NA
Mozambique,2005,93057450
Mozambique,2006,NA
Mozambique,2007,NA
Mozambique,2008,NA
Mozambique,2009,NA
Mozambique,2010,NA
Mozambique,2011,792086955
Mozambique,2012,NA
Mozambique,2013,474925495
Mozambique,2014,NA
Myanmar,2000,321260252
Myanmar,2002,NA
Myanmar,2003,NA
Myanmar,2004,NA
Myanmar,2005,NA
Myanmar,2006,NA
Myanmar,2008,NA
Myanmar,2009,NA
Myanmar,2010,NA
Myanmar,2011,NA
Myanmar,2012,NA
Myanmar,2013,NA
Myanmar,2014,NA
Namibia,2000,4012459
Namibia,2001,NA
Namibia,2002,11793253
Namibia,2003,NA
Namibia,2004,NA
Namibia,2005,NA
Namibia,2006,NA
Namibia,2007,NA
Namibia,2008,NA
Namibia,2009,NA
Namibia,2010,NA
Namibia,2011,NA
Namibia,2012,NA
Namibia,2013,NA
Namibia,2014,78516283
Nauru,2002,309644142
Nepal,2000,NA
Nepal,2001,NA
Nepal,2002,NA
Nepal,2004,NA
Nepal,2005,NA
Nepal,2006,NA
Nepal,2007,NA
Nepal,2008,NA
Nepal,2009,NA
Nepal,2010,NA
Nepal,2011,NA
Nepal,2012,NA
Nepal,2013,NA
Nepal,2014,NA
New Zealand,2006,166996
New Zealand,2009,NA
New Zealand,2010,540983
New Zealand,2011,NA
New Zealand,2013,NA
New Zealand,2014,NA
Nicaragua,2000,9434344
Nicaragua,2007,48825957
Niger,2001,NA
Niger,2002,11361787
Niger,2003,NA
Niger,2004,NA
Niger,2005,NA
Niger,2006,NA
Niger,2007,NA
Niger,2008,NA
Niger,2009,NA
Niger,2010,NA
Niger,2011,NA
Niger,2012,NA
Niger,2013,NA
Nigeria,2001,NA
Nigeria,2002,NA
Nigeria,2003,NA
Nigeria,2004,NA
Nigeria,2005,987296775
Nigeria,2006,972424488
Nigeria,2007,NA
Nigeria,2008,NA
Nigeria,2009,16963735
Nigeria,2011,NA
Nigeria,2012,NA
Nigeria,2013,NA
Nigeria,2014,NA
Niue,2008,275783
Niue,2010,NA
"Oceania, regional",2006,NA
Pakistan,2000,NA
Pakistan,2001,1912879094
Pakistan,2002,42557310
Pakistan,2003,1014669116
Pakistan,2004,103040
Pakistan,2005,NA
Pakistan,2006,NA
Pakistan,2007,NA
Pakistan,2008,NA
Pakistan,2009,NA
Pakistan,2010,NA
Pakistan,2011,NA
Pakistan,2013,NA
Pakistan,2014,11974926364
Palestinian Adm. Areas,2000,840906
Palestinian Adm. Areas,2001,2273491
Palestinian Adm. Areas,2002,5650441
Palestinian Adm. Areas,2005,25733582
Palestinian Adm. Areas,2008,2068370
Palestinian Adm. Areas,2009,NA
Palestinian Adm. Areas,2011,6104930
Papua New Guinea,2000,26007834
Papua New Guinea,2001,NA
Papua New Guinea,2002,NA
Papua New Guinea,2003,68013
Papua New Guinea,2004,NA
Papua New Guinea,2005,NA
Papua New Guinea,2006,NA
Papua New Guinea,2007,NA
Papua New Guinea,2008,NA
Papua New Guinea,2009,NA
Papua New Guinea,2010,150844545
Papua New Guinea,2011,NA
Papua New Guinea,2012,NA
Papua New Guinea,2013,NA
Papua New Guinea,2014,NA
Peru,2002,2712211
Peru,2003,5287906
Peru,2004,2060794
Peru,2006,2207293
Peru,2007,5109297
Peru,2008,NA
Peru,2009,NA
Peru,2010,NA
Peru,2011,199797719
Peru,2012,3355449
Peru,2014,50084535
Philippines,2000,9594738
Philippines,2001,79572170
Philippines,2002,759660837
Philippines,2003,11240037
Philippines,2004,NA
Philippines,2006,93798272
Philippines,2007,244129784
Philippines,2010,282356001
Philippines,2013,1641047
Romania,2000,1160241
Romania,2001,1373367
Romania,2002,680774315
Romania,2003,220353234
Romania,2004,NA
Romania,2005,1198469
Romania,2006,NA
Russia,2003,11897786
Russia,2004,2695923
Russia,2005,612807680
Russia,2007,NA
Russia,2008,25509892
Russia,2009,35465062616
Russia,2010,NA
Russia,2012,NA
Russia,2014,504603769
Rwanda,2000,NA
Rwanda,2001,53677566
Rwanda,2003,NA
Rwanda,2005,NA
Rwanda,2006,NA
Rwanda,2007,NA
Rwanda,2008,NA
Rwanda,2009,NA
Rwanda,2010,6827953
Rwanda,2011,NA
Rwanda,2012,NA
Rwanda,2013,NA
Rwanda,2014,NA
Samoa,2004,206079
Samoa,2006,140714941
Samoa,2007,NA
Samoa,2008,56535437
Samoa,2009,NA
Samoa,2011,22743640
Samoa,2012,11834721
Samoa,2013,2199908
Samoa,2014,36300000
Sao Tome & Principe,2013,NA
Senegal,2005,280642536
Senegal,2006,NA
Senegal,2007,NA
Senegal,2009,NA
Senegal,2010,NA
Senegal,2011,NA
Senegal,2012,53176232
Senegal,2013,NA
Senegal,2014,30000
Serbia,2006,NA
Serbia,2007,NA
Serbia,2008,1984432
Serbia,2009,294151162
Serbia,2010,NA
Serbia,2011,NA
Serbia,2012,NA
Serbia,2014,608000000
Seychelles,2005,98206
Seychelles,2006,NA
Seychelles,2007,NA
Seychelles,2008,NA
Seychelles,2009,NA
Seychelles,2010,NA
Seychelles,2011,NA
Seychelles,2012,NA
Seychelles,2013,NA
Seychelles,2014,NA
Sierra Leone,2000,580120
Sierra Leone,2001,NA
Sierra Leone,2002,NA
Sierra Leone,2003,NA
Sierra Leone,2004,NA
Sierra Leone,2005,NA
Sierra Leone,2006,NA
Sierra Leone,2007,NA
Sierra Leone,2008,NA
Sierra Leone,2009,NA
Sierra Leone,2010,NA
Sierra Leone,2011,NA
Sierra Leone,2012,NA
Sierra Leone,2013,NA
Sierra Leone,2014,NA
Singapore,2000,NA
Singapore,2003,NA
Singapore,2005,NA
Singapore,2006,NA
Singapore,2009,NA
Singapore,2014,NA
Somalia,2004,284165
Somalia,2005,5893364
Somalia,2007,1028600
Somalia,2009,877205
Somalia,2010,5573034
Somalia,2011,17759797
Somalia,2014,NA
South Africa,2000,60521259
South Africa,2001,NA
South Africa,2002,NA
South Africa,2003,NA
South Africa,2004,NA
South Africa,2006,NA
South Africa,2007,NA
South Africa,2008,NA
South Africa,2009,NA
South Africa,2011,721491762
South Africa,2013,NA
"South America, regional",2003,NA
South Sudan,2008,3998848
South Sudan,2009,NA
South Sudan,2011,NA
South Sudan,2012,NA
South Sudan,2013,NA
South Sudan,2014,NA
"Southeast Asia, regional",2002,NA
"Southeast Asia, regional",2005,NA
"Southeast Asia, regional",2013,NA
Sri Lanka,2001,NA
Sri Lanka,2002,5906668
Sri Lanka,2003,15211719
Sri Lanka,2004,NA
Sri Lanka,2005,NA
Sri Lanka,2006,NA
Sri Lanka,2008,NA
Sri Lanka,2009,NA
Sri Lanka,2010,NA
Sri Lanka,2011,NA
Sri Lanka,2012,2192359468
Sri Lanka,2013,NA
Sri Lanka,2014,1278030000
St. Lucia,2000,47269067
St. Lucia,2002,NA
St. Lucia,2006,NA
Sudan,2000,61144383
Sudan,2001,NA
Sudan,2002,424290496
Sudan,2003,NA
Sudan,2004,651004861
Sudan,2005,NA
Sudan,2006,NA
Sudan,2007,NA
Sudan,2008,NA
Sudan,2009,NA
Sudan,2010,302332046
Sudan,2011,NA
Sudan,2012,NA
Sudan,2013,NA
Sudan,2014,NA
Suriname,2001,NA
Suriname,2003,11787622
Suriname,2004,89335425
Suriname,2006,919705
Suriname,2007,5208102
Suriname,2008,193737290
Suriname,2012,52951772
Suriname,2013,NA
Suriname,2014,NA
Syria,2004,NA
Syria,2006,NA
Syria,2009,NA
Syria,2010,NA
Syria,2011,NA
Syria,2012,2118071
Syria,2014,3255508
Tajikistan,2000,2803020
Tajikistan,2003,NA
Tajikistan,2004,1536152
Tajikistan,2006,1194890578
Tajikistan,2007,162753190
Tajikistan,2008,NA
Tajikistan,2009,46617646
Tajikistan,2010,46409059
Tajikistan,2011,NA
Tajikistan,2012,NA
Tajikistan,2013,163595616
Tajikistan,2014,425894000
Tanzania,2000,NA
Tanzania,2001,NA
Tanzania,2002,5257305
Tanzania,2003,NA
Tanzania,2004,NA
Tanzania,2005,NA
Tanzania,2006,NA
Tanzania,2007,NA
Tanzania,2008,NA
Tanzania,2009,NA
Tanzania,2010,NA
Tanzania,2011,NA
Tanzania,2012,NA
Tanzania,2013,NA
Tanzania,2014,NA
Thailand,2002,NA
Thailand,2004,NA
Thailand,2005,NA
Thailand,2006,3605309
Thailand,2009,NA
Thailand,2010,3102322
Thailand,2011,NA
Thailand,2012,NA
Timor-Leste,2000,NA
Timor-Leste,2003,NA
Timor-Leste,2005,NA
Timor-Leste,2006,NA
Timor-Leste,2007,NA
Timor-Leste,2008,NA
Timor-Leste,2009,NA
Timor-Leste,2010,NA
Timor-Leste,2011,NA
Timor-Leste,2012,NA
Timor-Leste,2013,NA
Timor-Leste,2014,NA
Togo,2001,NA
Togo,2003,NA
Togo,2004,NA
Togo,2005,NA
Togo,2006,NA
Togo,2007,NA
Togo,2008,NA
Togo,2009,NA
Togo,2010,NA
Togo,2011,NA
Togo,2012,17010047
Togo,2013,NA
Togo,2014,1669489
Tonga,2001,9548660
Tonga,2002,9011260
Tonga,2003,NA
Tonga,2005,NA
Tonga,2006,113671820
Tonga,2007,NA
Tonga,2008,NA
Tonga,2009,169062
Tonga,2010,NA
Tonga,2011,NA
Tonga,2012,NA
Tonga,2013,NA
Tonga,2014,NA
Trinidad & Tobago,2007,44919880
Trinidad & Tobago,2010,NA
Trinidad & Tobago,2011,NA
Trinidad & Tobago,2012,NA
Trinidad & Tobago,2013,NA
Trinidad & Tobago,2014,NA
Tunisia,2000,NA
Tunisia,2002,NA
Tunisia,2004,NA
Tunisia,2006,NA
Tunisia,2007,NA
Tunisia,2008,NA
Tunisia,2009,NA
Tunisia,2010,NA
Tunisia,2011,2219975
Tunisia,2012,NA
Tunisia,2014,NA
Turkey,2002,11301
Turkey,2003,66099
Turkey,2007,1171822962
Turkey,2008,NA
Turkey,2010,NA
Turkey,2011,NA
Turkey,2012,635421261
Turkey,2013,NA
Turkmenistan,2000,28030202
Turkmenistan,2003,70091716
Turkmenistan,2005,47139052
Turkmenistan,2006,551823298
Turkmenistan,2009,5428395150
Turkmenistan,2011,4550948036
Turkmenistan,2013,NA
Uganda,2000,NA
Uganda,2001,302873645
Uganda,2002,NA
Uganda,2003,NA
Uganda,2004,NA
Uganda,2005,NA
Uganda,2006,NA
Uganda,2007,NA
Uganda,2008,31250102
Uganda,2009,NA
Uganda,2010,NA
Uganda,2011,NA
Uganda,2012,NA
Uganda,2013,NA
Uganda,2014,NA
Ukraine,2000,1401510
Ukraine,2001,824020
Ukraine,2002,NA
Ukraine,2006,7298414
Ukraine,2007,NA
Ukraine,2009,NA
Ukraine,2010,NA
Ukraine,2011,NA
Ukraine,2012,NA
Ukraine,2013,NA
Ukraine,2014,52000000
United Arab Emirates,2012,31771063
Uruguay,2006,52683693
Uruguay,2007,81377
Uruguay,2009,NA
Uruguay,2010,14463528
Uruguay,2011,NA
Uruguay,2014,31000000
Uzbekistan,2000,NA
Uzbekistan,2001,NA
Uzbekistan,2003,71166388
Uzbekistan,2004,62246095
Uzbekistan,2006,362363966
Uzbekistan,2007,362239773
Uzbekistan,2009,100112585
Uzbekistan,2010,141042179
Uzbekistan,2011,148927000
Uzbekistan,2012,333618405
Uzbekistan,2013,NA
Uzbekistan,2014,NA
Vanuatu,2000,11602407
Vanuatu,2001,682047
Vanuatu,2003,NA
Vanuatu,2004,NA
Vanuatu,2005,561740
Vanuatu,2006,7666023
Vanuatu,2007,NA
Vanuatu,2008,56048005
Vanuatu,2009,NA
Vanuatu,2010,NA
Vanuatu,2012,NA
Vanuatu,2013,NA
Vanuatu,2014,NA
Venezuela,2004,NA
Venezuela,2008,802527421
Venezuela,2009,NA
Venezuela,2010,NA
Venezuela,2011,NA
Venezuela,2012,NA
Venezuela,2013,NA
Venezuela,2014,NA
Viet Nam,2000,124377804
Viet Nam,2002,NA
Viet Nam,2003,270173229
Viet Nam,2004,721121657
Viet Nam,2005,NA
Viet Nam,2006,NA
Viet Nam,2009,NA
Viet Nam,2010,377328084
Viet Nam,2011,380731203
Viet Nam,2012,10590
Viet Nam,2013,305026009
Yemen,2000,162433702
Yemen,2002,189854803
Yemen,2003,8813175
Yemen,2007,64434969
Yemen,2008,NA
Yemen,2009,NA
Yemen,2010,10061585
Yemen,2011,NA
Yemen,2013,NA
Yemen,2014,NA
Zambia,2000,5849458
Zambia,2001,NA
Zambia,2002,NA
Zambia,2003,NA
Zambia,2004,44513153
Zambia,2005,NA
Zambia,2006,NA
Zambia,2007,NA
Zambia,2009,NA
Zambia,2010,NA
Zambia,2011,NA
Zambia,2012,NA
Zambia,2013,NA
Zambia,2014,NA
Zimbabwe,2000,7007611
Zimbabwe,2001,1392393
Zimbabwe,2002,NA
Zimbabwe,2003,158460888
Zimbabwe,2004,1741911923
Zimbabwe,2005,NA
Zimbabwe,2006,NA
Zimbabwe,2007,NA
Zimbabwe,2008,NA
Zimbabwe,2009,NA
Zimbabwe,2010,NA
Zimbabwe,2011,NA
Zimbabwe,2012,NA
Zimbabwe,2013,NA
Zimbabwe,2014,NA
